Name,Pathway,Address,Email,Phone Number,Organization
John Doe,Business,123 Main St,johndoe@email.com,555-123-4567,Global Solutions Inc.
Jane Smith,Science,456 Oak Ave,janesmith@email.com,555-987-6543,BioTech Innovations Ltd.
Michael Johnson,Mathematics,789 Elm Rd,mjohnson@email.com,555-246-8135,Quantum Analytics Corp.
Emily Brown,English,321 Pine Ln,ebrown@email.com,555-369-2580,WordCraft Publishing
David Lee,Business,654 Maple Dr,dlee@email.com,555-147-2589,Strategic Dynamics LLC
Sarah Wilson,Science,987 Cedar St,swilson@email.com,555-753-9514,NanoSphere Research
Robert Taylor,Mathematics,159 Birch Ave,rtaylor@email.com,555-951-7532,Precision Metrics Group
Amanda Garcia,English,357 Spruce Rd,agarcia@email.com,555-357-1590,Eloquent Communications
Christopher Martinez,Business,852 Willow Ln,cmartinez@email.com,555-852-9630,Apex Ventures Capital
Jessica Rodriguez,Science,753 Ash Dr,jrodriguez@email.com,555-258-1470,EcoTech Solutions
Daniel Kim,Mathematics,741 Fir Dr,dkim@email.com,555-654-3210,DataSphere Analytics
Rachel Chen,English,147 Sycamore Ave,rchen@email.com,555-789-4560,Narrative Nexus Media
Kevin Nguyen,Business,258 Chestnut Rd,knguyen@email.com,555-321-6540,Synergy Systems International
Lauren Patel,Science,369 Walnut Ln,lpatel@email.com,555-147-8520,Quantum Leap Laboratories
Thomas Wright,Mathematics,951 Poplar St,twright@email.com,555-963-8520,Logica Numerica Institute
Olivia Campbell,English,852 Cypress St,ocampbell@email.com,555-741-9630,Verba Vista Creations
Andrew Jackson,Business,963 Magnolia Ave,ajackson@email.com,555-852-7410,Innovate Corp.
Sophia Lee,Science,159 Redwood Rd,slee@email.com,555-357-9510,Genome Frontier Research
Ryan Thompson,Mathematics,357 Sequoia Ln,rthompson@email.com,555-159-7530,Algorithmics Plus
Emma Davis,English,753 Juniper Dr,edavis@email.com,555-951-3570,Syntax Dynamics
William Baker,Business,951 Palm St,wbaker@email.com,555-753-1590,Profit Pulse Consulting
Ava Hernandez,Science,147 Acacia Ave,ahernandez@email.com,555-357-9510,Helix Biotechnology
Ethan Turner,Mathematics,258 Eucalyptus Rd,eturner@email.com,555-852-1470,Numeric Nexus Solutions
Grace Kim,English,369 Bamboo Ln,gkim@email.com,555-963-7410,Lexicon Innovations
Alexander Gupta,Business,741 Mahogany Dr,agupta@email.com,555-741-8520,Apex Financial Strategies
Mia Yamamoto,Science,852 Cedar Ave,myamamoto@email.com,555-159-3570,FutureTech Dynamics
Benjamin Lopez,Mathematics,963 Beech St,blopez@email.com,555-258-9630,Vector Velocity Systems
Chloe Robinson,English,159 Hazel Rd,crobinson@email.com,555-654-1470,Verbosity Ventures
Samuel Chang,Business,357 Aspen Ln,schang@email.com,555-789-3210,Momentum Markets Group
Zoe Adams,Science,753 Alder Dr,zadams@email.com,555-321-9510,Nova Frontiers Research